Date,Category,DDR4 8G (1G*8) 2400 Mbps,DDR4 4G (512M*8) 2400 Mbps,DDR3 4Gb 512Mx8 1600/1866Mbps,DDR3 4Gb 512Mx8 eTT,DDR3 4Gb 256Mx16 1600/1866Mbps,DDR3 2Gb 256Mx8 1600/1866Mbps,SLC 2Gb 256MBx8,SLC 1Gb 128MBx8,MLC 64Gb 8GBx8,MLC 32Gb 4GBx8,3D TLC  256Gb,MicroSD 32GB C10/U1/U3,MicroSD 16GB C10/U1,MicroSD 32GB Ink die,MicroSD 16GB Ink die,eMMC 16GB,eMMC 8GB,eMMC 4GB
13 March 2018,Spot - $ Per GB,1.125625,1.16025,0.91425,0.7225,0.8015,0.9245,,,0.062484375,0.09146875,,,,,,,,
14 March 2018,Spot - $ Per GB,1.125125,1.15975,0.909500001,0.72075,0.8015,0.9245,,,0.06196875,0.09134375,,,,,,,,
15 March 2018,Spot - $ Per GB,1.122875,1.15325,0.904000001,0.72075,0.80025,0.9245,,,0.061453125,0.0911875,,,,,,,,
16 March 2018,Spot - $ Per GB,1.125,1.15225,0.9025,0.71825,0.80025,0.9245,,,0.06125,0.09115625,,,,,,,,
19 March 2018,Spot - $ Per GB,1.127000001,1.15075,0.9025,0.71825,0.80025,0.9245,,,0.061,0.09059375,,,,,,,,
20 March 2018,Spot - $ Per GB,1.128500001,1.14975,0.9025,0.71675,0.80025,0.9185,,,0.060984375,0.09025,,,,,,,,
21 March 2018,Spot - $ Per GB,1.128500001,1.14325,0.902,0.71675,0.80025,0.9185,,,0.06071875,0.089875,,,,,,,,
22 March 2018,Spot - $ Per GB,1.129,1.13825,0.8945,0.715,0.80025,0.9185,,,0.060671875,0.08975,,,,,,,,
23 March 2018,Spot - $ Per GB,1.130000001,1.13625,0.89275,0.71075,0.80025,0.9185,,,0.060546875,0.089625,,,,,,,,
26 March 2018,Spot - $ Per GB,1.13325,1.135250001,0.892,0.71,0.80025,0.9185,,,0.0605,0.089625,,,,,,,,
27 March 2018,Spot - $ Per GB,1.1335,1.132750001,0.89125,0.70825,0.80025,0.9185,,,0.0604375,0.08903125,,,,,,,,
28 March 2018,Spot - $ Per GB,1.132125,1.13225,0.88975,0.70825,0.80275,0.9185,,,0.06028125,0.088875,,,,,,,,
29 March 2018,Spot - $ Per GB,1.132125,1.13175,0.88725,0.7075,0.80275,0.9185,,,0.060203125,0.08865625,,,,,,,,
30 March 2018,Spot - $ Per GB,1.12925,1.125,0.887,0.7075,0.80275,0.9185,,,0.060046875,0.0885,,,,,,,,
02 April 2018,Spot - $ Per GB,1.12925,1.124,0.8865,0.7075,0.80275,0.9185,,,0.0599375,0.0884375,,,,,,,,
03 April 2018,Spot - $ Per GB,1.12925,1.12225,0.885,0.70575,0.80375,0.9185,,,0.060171875,0.0884375,,,,,,,,
04 April 2018,Spot - $ Per GB,1.12925,1.12225,0.885,0.705,0.805,0.9185,,,0.06021875,0.08859375,,,,,,,,
09 April 2018,Spot - $ Per GB,1.129875,1.11975,0.88175,0.70325,0.805,0.9185,,,0.05984375,0.08853125,,,,,,,,
10 April 2018,Spot - $ Per GB,1.12925,1.11975,0.8809999999999999,0.70175,0.80775,0.921,,,0.0598125,0.088375,,,,,,,,
11 April 2018,Spot - $ Per GB,1.12925,1.11975,0.8809999999999999,0.70175,0.80775,0.923,,,0.05975,0.08828125,,,,,,,,
12 April 2018,Spot - $ Per GB,1.125375,1.11975,0.8809999999999999,0.7,0.80775,0.928,,,0.05959375,0.088125,,,,,,,,
13 April 2018,Spot - $ Per GB,1.125125,1.11975,0.8809999999999999,0.7,0.80775,0.928,,,0.059578125,0.0883125,,,,,,,,
16 April 2018,Spot - $ Per GB,1.1235,1.11975,0.8785,0.69825,0.80775,0.930500001,,,0.059578125,0.0881875,,,,,,,,
17 April 2018,Spot - $ Per GB,1.120125,1.11975,0.8785,0.69825,0.80775,0.930500001,,,0.059515625,0.08790625,,,,,,,,
18 April 2018,Spot - $ Per GB,1.120125,1.11975,0.877,0.69825,0.80775,0.930500001,,,0.059421875,0.08800000000000001,,,,,,,,
19 April 2018,Spot - $ Per GB,1.120125,1.11975,0.877,0.69675,0.80775,0.930500001,,,0.0594375,0.08809375,,,,,,,,
20 April 2018,Spot - $ Per GB,1.118625,1.1185,0.877,0.69675,0.80775,0.930500001,,,0.059484375,0.08728125,,,,,,,,
23 April 2018,Spot - $ Per GB,1.118625,1.1115,0.873,0.69675,0.80775,0.930500001,,,0.05946875,0.087,,,,,,,,
24 April 2018,Spot - $ Per GB,1.116875,1.108500001,0.8725,0.69675,0.80775,0.930500001,,,0.05946875,0.0868125,,,,,,,,
25 April 2018,Spot - $ Per GB,1.115625,1.1025,0.8725,0.69675,0.80775,0.930500001,,,0.059109375,0.086375,,,,,,,,
26 April 2018,Spot - $ Per GB,1.110625,1.0745,0.87225,0.69675,0.80775,0.930500001,,,0.058765625,0.08596875,,,,,,,,
27 April 2018,Spot - $ Per GB,1.11025,1.0635,0.87225,0.69675,0.80775,0.930500001,,,0.05840625,0.0855625,,,,,,,,
01 May 2018,Spot - $ Per GB,1.108875,1.046,0.87225,0.69675,0.80775,0.930500001,,,0.058546875,0.08565625,,,,,,,,
02 May 2018,Spot - $ Per GB,1.10975,1.046,0.872,0.69675,0.80775,0.930500001,,,0.058546875,0.08565625,,,,,,,,
03 May 2018,Spot - $ Per GB,1.10975,1.041000001,0.86175,0.6925,0.80775,0.930500001,,,0.05890625,0.08690625,,,,,,,,
04 May 2018,Spot - $ Per GB,1.10975,1.03625,0.86175,0.6875,0.80775,0.930500001,,,0.05921875,0.0866875,,,,,,,,
07 May 2018,Spot - $ Per GB,1.11,1.03525,0.85375,0.6825,0.80775,0.930500001,,,0.058875,0.08575,,,,,,,,
08 May 2018,Spot - $ Per GB,1.11,1.03525,0.84825,0.68,0.80775,0.930500001,,,0.058453125,0.08428125,,,,,,,,
09 May 2018,Spot - $ Per GB,1.11,1.03525,0.8435,0.67675,0.8045,0.930500001,,,0.057671875,0.08378125,,,,,,,,
10 May 2018,Spot - $ Per GB,1.11,1.03525,0.83725,0.67175,0.8045,0.930500001,,,0.057578125,0.08340625,,,,,,,,
11 May 2018,Spot - $ Per GB,1.11,1.03525,0.8325,0.66925,0.8045,0.930500001,,,0.05725,0.082625,,,,,,,,
14 May 2018,Spot - $ Per GB,1.11,1.03425,0.82725,0.66825,0.80325,0.930500001,,,0.05815625,0.081875,,,,,,,,
15 May 2018,Spot - $ Per GB,1.107,1.03425,0.8265,0.66825,0.80325,0.928,,,0.058140625,0.0815625,,,,,,,,
16 May 2018,Spot - $ Per GB,1.1025,1.03425,0.8225,0.66825,0.80225,0.928,,,0.05809375,0.08146875,,,,,,,,
17 May 2018,Spot - $ Per GB,1.100000001,1.03425,0.821,0.66825,0.80225,0.928,,,0.0574375,0.07975,,,,,,,,
18 May 2018,Spot - $ Per GB,1.100000001,1.03025,0.8205,0.6625,0.8015,0.923,,,0.057390625,0.079875,,,,,,,,
21 May 2018,Spot - $ Per GB,1.100000001,1.03025,0.82025,0.65825,0.8015,0.923,,,0.0574375,0.08040625,,,,,,,,
22 May 2018,Spot - $ Per GB,1.0915,1.03025,0.82975,0.65825,0.8015,0.923,,,0.05728125,0.0801875,,,,,,,,
23 May 2018,Spot - $ Per GB,1.090125001,1.03025,0.82975,0.65675,0.80175,0.923,,,0.05740625,0.07959375,,,,,,,,
24 May 2018,Spot - $ Per GB,1.0865,1.02525,0.82975,0.6525,0.80175,0.923,,,0.057375,0.0795,,,,,,,,
25 May 2018,Spot - $ Per GB,1.083625,1.02525,0.82975,0.6425,0.79825,0.921,,,0.05709375,0.07928125,,,,,,,,
28 May 2018,Spot - $ Per GB,1.083625,1.02525,0.82975,0.63575,0.79825,0.921,,,0.057046875,0.0791875,,,,,,,,
29 May 2018,Spot - $ Per GB,1.078875,1.02525,0.82975,0.6275,0.79825,0.921,,,0.0569375,0.07921875,,,,,,,,
30 May 2018,Spot - $ Per GB,1.078875,1.02525,0.82975,0.625,0.79825,0.9195,,,0.0569375,0.079125,,,,,,,,
31 May 2018,Spot - $ Per GB,1.078375,1.02525,0.82975,0.62,0.79825,0.9185,,,0.05690625,0.07928125,,,,,,,,
01 June 2018,Spot - $ Per GB,1.07825,1.02525,0.82975,0.615,0.79825,0.9185,,,0.0571875,0.07921875,,,,,,,,
04 June 2018,Spot - $ Per GB,1.07825,1.02525,0.82975,0.6125,0.79825,0.9185,,,0.05696875,0.07946875,,,,,,,,
05 June 2018,Spot - $ Per GB,1.078,1.02275,0.82975,0.60925,0.79825,0.9185,,,0.056765625,0.0793125,,,,,,,,
06 June 2018,Spot - $ Per GB,1.077875,1.02175,0.82975,0.6075,0.79825,0.9185,,,0.05675,0.07928125,,,,,,,,
07 June 2018,Spot - $ Per GB,1.077625,1.02175,0.82975,0.60575,0.7985,0.9185,,,0.0564375,0.07984375,,,,,,,,
08 June 2018,Spot - $ Per GB,1.07725,1.02175,0.82975,0.605,0.7985,0.923,,,0.0564375,0.07984375,,,,,,,,
11 June 2018,Spot - $ Per GB,1.076875,1.02175,0.82975,0.6,0.7985,0.923,,,0.056484375,0.07984375,,,,,,,,
12 June 2018,Spot - $ Per GB,1.07675,1.02175,0.82975,0.6,0.7985,0.913500001,,,0.05653125,0.08,,,,,,,,
13 June 2018,Spot - $ Per GB,1.0765,1.02125,0.82975,0.6,0.7985,0.913500001,,,0.05653125,0.08,,,,,,,,
14 June 2018,Spot - $ Per GB,1.076375,1.02125,0.82875,0.6,0.7985,0.913500001,,,0.056234375,0.07959375,,,,,,,,
15 June 2018,Spot - $ Per GB,1.076125,1.02125,0.8285,0.59825,0.7985,0.913500001,,,0.056234375,0.07946875,,,,,,,,
19 June 2018,Spot - $ Per GB,1.076125,1.02125,0.8282500009999999,0.595,0.7985,0.913500001,,,0.05640625,0.07934375,,,,,,,,
20 June 2018,Spot - $ Per GB,1.07525,1.02125,0.82775,0.59,0.7985,0.913500001,,,0.0565,0.07959375,,,,,,,,
21 June 2018,Spot - $ Per GB,1.0705,1.02125,0.82775,0.5875,0.7985,0.913500001,,,0.056453125,0.07946875,,,,,,,,
22 June 2018,Spot - $ Per GB,1.069625,1.01125,0.82775,0.585,0.7985,0.913500001,,,0.056421875,0.08021875,,,,,,,,
25 June 2018,Spot - $ Per GB,1.068875,1.010500001,0.82775,0.58075,0.7985,0.913500001,,,0.056453125,0.08040625,,,,,,,,
26 June 2018,Spot - $ Per GB,1.0665,1.01,0.82775,0.57925,0.7985,0.913500001,,,0.056421875,0.08021875,,,,,,,,
27 June 2018,Spot - $ Per GB,1.035375,1.01,0.8275,0.57675,0.7985,0.913500001,,,0.056359375,0.08034375,,,,,,,,
28 June 2018,Spot - $ Per GB,1.018375,1.01,0.8275,0.575,0.7985,0.909000001,,,0.056453125,0.0803125,,,,,,,,
29 June 2018,Spot - $ Per GB,1.008125,1.00775,0.8275,0.57325,0.7985,0.9065,,,0.056265625,0.08003125,,,,,,,,
02 July 2018,Spot - $ Per GB,1.00575,1.00775,0.8275,0.57175,0.7985,0.9065,,,0.056234375,0.08,,,,,,,,
03 July 2018,Spot - $ Per GB,1.005125,1.00775,0.8275,0.57,0.7985,0.9065,,,0.055953125,0.079625,,,,,,,,
04 July 2018,Spot - $ Per GB,1.002125,1.00775,0.8275,0.5645,0.7985,0.902,,,0.055796875,0.07946875,,,,,,,,
05 July 2018,Spot - $ Per GB,1.001375001,1.006750001,0.8275,0.56325,0.7985,0.902,,,0.05521875,0.07940625,,,,,,,,
09 July 2018,Spot - $ Per GB,1.0045,1.006,0.82675,0.56075,0.7985,0.8985,,,0.0550625,0.07903125,,,,,,,,
10 July 2018,Spot - $ Per GB,1.0045,1.006,0.825500001,0.55925,0.79825,0.897,,,0.05503125,0.079125,,,,,,,,
11 July 2018,Spot - $ Per GB,1.0045,1.006,0.825500001,0.5575,0.79725,0.8965000009999999,,,0.05471875,0.07946875,,,,,,,,
12 July 2018,Spot - $ Per GB,1.01325,1.006,0.825500001,0.555,0.79725,0.8965000009999999,,,0.05453125,0.07928125,,,,,,,,
13 July 2018,Spot - $ Per GB,1.010125,1.006,0.82475,0.55325,0.79725,0.896000001,,,0.053765625,0.07846875,,,,,,,,
16 July 2018,Spot - $ Per GB,1.008875001,1.00375,0.8245,0.55175,0.79725,0.896000001,,,0.052796875,0.0783125,,,,,,,,
17 July 2018,Spot - $ Per GB,1.0015,1.003,0.8245,0.55,0.79725,0.896000001,,,0.05265625,0.0775,,,,,,,,
18 July 2018,Spot - $ Per GB,0.997375,0.99875,0.8245,0.5475,0.79725,0.896000001,,,0.052390625,0.07715625,,,,,,,,
19 July 2018,Spot - $ Per GB,0.99525,0.990000001,0.82325,0.54575,0.79725,0.896000001,,,0.05215625,0.07671875,,,,,,,,
20 July 2018,Spot - $ Per GB,0.99375,0.989,0.82225,0.5425,0.79725,0.896000001,,,0.051984375,0.0765625,,,,,,,,
23 July 2018,Spot - $ Per GB,0.991625,0.98575,0.8215,0.54,0.79725,0.896000001,,,0.0519375,0.076625,,,,,,,,
24 July 2018,Spot - $ Per GB,0.99125,0.98475,0.81975,0.5375,0.79725,0.896000001,,,0.051921875,0.07678125,,,,,,,,
25 July 2018,Spot - $ Per GB,0.990375,0.98475,0.81875,0.5325,0.79375,0.8909999999999999,,,0.05159375,0.07615625,,,,,,,,
26 July 2018,Spot - $ Per GB,0.990375,0.982500001,0.80775,0.52825,0.7897500009999999,0.8865,,,0.051453125,0.07603125,,,,,,,,
27 July 2018,Spot - $ Per GB,0.9875,0.98025,0.807,0.525,0.7897500009999999,0.884000001,,,0.051484375,0.07625,,,,,,,,
30 July 2018,Spot - $ Per GB,0.9875,0.98025,0.807,0.52,0.7897500009999999,0.8795000009999999,,,0.051484375,0.07625,,,,,,,,
31 July 2018,Spot - $ Per GB,0.9875,0.972250001,0.806250001,0.52,0.78875,0.8795000009999999,,,0.051484375,0.07609375,,,,,,,,
01 August 2018,Spot - $ Per GB,0.987125,0.968,0.80525,0.515,0.7875,0.8640000000000001,,,0.051484375,0.07609375,,,,,,,,
02 August 2018,Spot - $ Per GB,0.986625,0.9675,0.8029999999999999,0.515,0.78625,0.8590000000000001,,,0.051375,0.075875,,,,,,,,
03 August 2018,Spot - $ Per GB,0.985875,0.9675,0.80125,0.515,0.78525,0.857,,,0.051375,0.07553125,,,,,,,,
06 August 2018,Spot - $ Per GB,0.98375,0.96675,0.7995,0.51325,0.78525,0.857,,,0.051265625,0.07528125,,,,,,,,
09 August 2018,Spot - $ Per GB,0.98,0.95225,0.7945,0.51075,0.78525,0.852,,,0.050890625,0.07440625,,,,,,,,
10 August 2018,Spot - $ Per GB,0.975875,0.95225,0.7945,0.51075,0.78525,0.852,,,0.05075,0.0734375,,,,,,,,
13 August 2018,Spot - $ Per GB,0.9725,0.95,0.7945,0.51075,0.7805,0.851,,,0.050296875,0.073,,,,,,,,
14 August 2018,Spot - $ Per GB,0.97,0.95,0.792500001,0.51075,0.777,0.851,,,0.04975,0.0728125,,,,,,,,
16 August 2018,Spot - $ Per GB,0.96625,0.944,0.78625,0.51,0.7755,0.8475,,,0.050125,0.07296875,,,,,,,,
17 August 2018,Spot - $ Per GB,0.962125001,0.944,0.785,0.51,0.7755,0.8475,,,0.050171875,0.07325,,,,,,,,
21 August 2018,Spot - $ Per GB,0.952125,0.944,0.785,0.50825,0.775,0.8440000000000001,,,0.04953125,0.07378125,,,,,,,,
23 August 2018,Spot - $ Per GB,0.94725,0.9435,0.785,0.5075,0.775,0.8390000000000001,,,0.049171875,0.07309375,,,,,,,,
24 August 2018,Spot - $ Per GB,0.944125001,0.94325,0.785,0.50675,0.775,0.8390000000000001,,,0.049,0.07325,,,,,,,,
27 August 2018,Spot - $ Per GB,0.944125001,0.94325,0.784,0.50575,0.775,0.838,,,0.049015625,0.07340625,,,,,,,,
28 August 2018,Spot - $ Per GB,0.942625001,0.94225,0.784,0.50575,0.77425,0.838,,,0.04921875,0.07165625,,,,,,,,
29 August 2018,Spot - $ Per GB,0.9405,0.942,0.7835,0.505,0.77425,0.838,,,0.049015625,0.07021875,,,,,,,,
30 August 2018,Spot - $ Per GB,0.94,0.941,0.7835,0.50325,0.77425,0.838,,,0.0488125,0.0693125,,,,,,,,
31 August 2018,Spot - $ Per GB,0.936125,0.939,0.7835,0.5025,0.77425,0.8375,,,0.048609375,0.069125,,,,,,,,
03 September 2018,Spot - $ Per GB,0.93525,0.9385,0.78,0.50175,0.77325,0.8375,,,0.04871875,0.06925,,,,,,,,
04 September 2018,Spot - $ Per GB,0.934125,0.93825,0.779,0.5,0.77325,0.8375,,,0.048609375,0.0695625,,,,,,,,
05 September 2018,Spot - $ Per GB,0.9335,0.937,0.779,0.49925,0.77325,0.8375,,,0.04871875,0.0696875,,,,,,,,
06 September 2018,Spot - $ Per GB,0.932750001,0.9365,0.772,0.499,0.77325,0.8375,,,0.048640625,0.06925,,,,,,,,
07 September 2018,Spot - $ Per GB,0.93175,0.93575,0.77025,0.499,0.77325,0.835,,,0.04859375,0.06909375,,,,,,,,
11 September 2018,Spot - $ Per GB,0.9215,0.9235,0.7659999999999999,0.4975,0.77325,0.835,,,0.0481875,0.0685,,,,,,,,
12 September 2018,Spot - $ Per GB,0.921,0.92,0.7635,0.4975,0.767,0.828,,,0.048,0.068375,,,,,,,,
13 September 2018,Spot - $ Per GB,0.9205,0.91675,0.76325,0.4975,0.767,0.828,,,0.047984375,0.0676875,,,,,,,,
14 September 2018,Spot - $ Per GB,0.922,0.916,0.76325,0.4975,0.767,0.8255,,,0.0479375,0.06753125,,,,,,,,
17 September 2018,Spot - $ Per GB,0.922,0.91575,0.76325,0.4975,0.767,0.823,,,0.0479375,0.06725,,,,,,,,
18 September 2018,Spot - $ Per GB,0.922,0.909,0.76275,0.4975,0.76475,0.823,,,0.047875,0.06709375,,,,,,,,
19 September 2018,Spot - $ Per GB,0.922,0.9045,0.76225,0.4975,0.76475,0.8220000000000001,,,0.047875,0.06740625,,,,,,,,
20 September 2018,Spot - $ Per GB,0.921,0.901,0.76225,0.4975,0.76125,0.8170000000000001,,,0.04775,0.06709375,,,,,,,,
21 September 2018,Spot - $ Per GB,0.918625,0.9,0.76,0.4975,0.76125,0.8170000000000001,,,0.047203125,0.0668125,,,,,,,,
26 September 2018,Spot - $ Per GB,0.917625,0.89725,0.75525,0.4975,0.76075,0.8170000000000001,,,0.047109375,0.06665625,,,,,,,,
27 September 2018,Spot - $ Per GB,0.90875,0.89475,0.75275,0.4975,0.7575,0.8170000000000001,,,0.046671875,0.06665625,,,,,,,,
28 September 2018,Spot - $ Per GB,0.901375,0.8925,0.75175,0.49675,0.7575,0.8170000000000001,,,0.046828125,0.06628125,,,,,,,,
02 October 2018,Spot - $ Per GB,0.9005,0.8815,0.75075,0.48675,0.75725,0.8170000000000001,,,0.046375,0.06590625,,,,,,,,
03 October 2018,Spot - $ Per GB,0.9,0.8809999999999999,0.75075,0.485,0.75725,0.8170000000000001,,,0.0464375,0.06625,,,,,,,,
04 October 2018,Spot - $ Per GB,0.9,0.88,0.75075,0.48,0.75025,0.8170000000000001,,,0.046375,0.06625,,,,,,,,
08 October 2018,Spot - $ Per GB,0.9,0.87225,0.746,0.47675,0.73975,0.8170000000000001,,,0.04565625,0.0660625,,,,,,,,
09 October 2018,Spot - $ Per GB,0.8985,0.871,0.74175,0.475,0.73625,0.8170000000000001,,,0.045515625,0.06615625,,,,,,,,
15 October 2018,Spot - $ Per GB,0.888875,0.8615,0.73075,0.4625,0.7235,0.8105,,,0.044875,0.065625,,,,,,,,
16 October 2018,Spot - $ Per GB,0.887875,0.85925,0.73,0.45925,0.72,0.8079999999999999,,,0.044890625,0.0656875,,,,,,,,
17 October 2018,Spot - $ Per GB,0.883875,0.84075,0.73,0.455,0.72,0.8079999999999999,,,0.044734375,0.0669375,,,,,,,,
18 October 2018,Spot - $ Per GB,0.882375,0.82925,0.73,0.45,0.72,0.8079999999999999,,,0.044890625,0.06728125,,,,,,,,
19 October 2018,Spot - $ Per GB,0.882375,0.8220000000000001,0.72825,0.44425,0.71875,0.8079999999999999,,,0.045078125,0.06609375,,,,,,,,
22 October 2018,Spot - $ Per GB,0.881875,0.82175,0.72825,0.44,0.71875,0.8079999999999999,,,0.04521875,0.0666875,,,,,,,,
23 October 2018,Spot - $ Per GB,0.881875,0.815,0.72725,0.43675,0.713,0.8079999999999999,,,0.04553125,0.06609375,,,,,,,,
24 October 2018,Spot - $ Per GB,0.871625,0.80175,0.72725,0.4325,0.70825,0.8079999999999999,,,0.045625,0.0659375,,,,,,,,
25 October 2018,Spot - $ Per GB,0.871125,0.8,0.72725,0.42925,0.70425,0.8079999999999999,,,0.045734375,0.066375,,,,,,,,
26 October 2018,Spot - $ Per GB,0.870625,0.7995,0.72725,0.425,0.70375,0.8079999999999999,,,0.04584375,0.066125,,,,,,,,
29 October 2018,Spot - $ Per GB,0.870625,0.79825,0.72725,0.42175,0.70325,0.8079999999999999,,,0.045875,0.066375,,,,,,,,
30 October 2018,Spot - $ Per GB,0.86825,0.79825,0.722,0.41825,0.70325,0.807,,,0.04628125,0.06625,,,,,,,,
31 October 2018,Spot - $ Per GB,0.866,0.79825,0.721,0.415,0.6985,0.8035,,,0.0465625,0.06690625,,,,,,,,
01 November 2018,Spot - $ Per GB,0.865,0.79825,0.721,0.41325,0.6985,0.8035,,,0.047,0.068375,,,,,,,,
02 November 2018,Spot - $ Per GB,0.864125,0.79825,0.721,0.40925,0.6985,0.8035,,,0.047203125,0.06940625,,,,,,,,
05 November 2018,Spot - $ Per GB,0.864125,0.79825,0.7190000000000001,0.4075,0.6985,0.8035,,,0.047140625,0.06890625,,,,,,,,
08 November 2018,Spot - $ Per GB,0.851375,0.7859999999999999,0.7115,0.4,0.695,0.7929999999999999,,,0.047609375,0.06915625,,,,,,,,
09 November 2018,Spot - $ Per GB,0.85075,0.7859999999999999,0.7115,0.39825,0.695,0.7929999999999999,,,0.0475625,0.06853125,,,,,,,,
12 November 2018,Spot - $ Per GB,0.849875,0.7859999999999999,0.71125,0.39675,0.69375,0.7925,,,0.047625,0.06903125,,,,,,,,
14 November 2018,Spot - $ Per GB,0.8485,0.7845,0.7020000000000001,0.39425,0.6935,0.7759999999999999,,,0.047625,0.06753125,,,,,,,,
15 November 2018,Spot - $ Per GB,0.847,0.784,0.7,0.39325,0.6935,0.7755,,,0.047546875,0.06728125,,,,,,,,
16 November 2018,Spot - $ Per GB,0.847,0.784,0.69925,0.3925,0.6935,0.7755,,,0.0475625,0.06696875,,,,,,,,
19 November 2018,Spot - $ Per GB,0.846125,0.78275,0.6965,0.39075,0.69,0.7755,,,0.0475625,0.06640625,,,,,,,,
20 November 2018,Spot - $ Per GB,0.846125,0.7805,0.693,0.39,0.68825,0.7685,,,0.047484375,0.06628125,,,,,,,,
21 November 2018,Spot - $ Per GB,0.846125,0.77275,0.6915,0.38925,0.68675,0.7659999999999999,,,0.04740625,0.06615625,,,,,,,,
22 November 2018,Spot - $ Per GB,0.84375,0.77225,0.68975,0.3875,0.68675,0.764,,,0.0473125,0.06596875,,,,,,,,
23 November 2018,Spot - $ Per GB,0.84375,0.7755,0.68875,0.38575,0.68675,0.7605,,,0.047203125,0.065125,,,,,,,,
26 November 2018,Spot - $ Per GB,0.839125,0.7755,0.68575,0.38425,0.6855,0.7605,,,0.046390625,0.06475,,,,,,,,
27 November 2018,Spot - $ Per GB,0.839125,0.7755,0.684,0.3825,0.68425,0.7605,,,0.046296875,0.06375,,,,,,,,
28 November 2018,Spot - $ Per GB,0.837625,0.7755,0.68325,0.38175,0.68075,0.7605,,,0.046265625,0.06365625,,,,,,,,
29 November 2018,Spot - $ Per GB,0.836375,0.775,0.68125,0.37925,0.68075,0.7605,,,0.046296875,0.06384375,,,,,,,,
03 December 2018,Spot - $ Per GB,0.8320000000000001,0.77425,0.67875,0.37675,0.68,0.7605,,,0.045375,0.0635625,,,,,,,,
04 December 2018,Spot - $ Per GB,0.824875,0.76725,0.67875,0.37575,0.68,0.7605,,,0.045203125,0.06334375,,,,,,,,
05 December 2018,Spot - $ Per GB,0.82,0.7609999999999999,0.6735,0.37425,0.67975,0.7605,,,0.045015625,0.06325,,,,,,,,
06 December 2018,Spot - $ Per GB,0.817625,0.76075,0.66475,0.3725,0.67975,0.7605,,,0.044890625,0.06290625,,,,,,,,
07 December 2018,Spot - $ Per GB,0.81625,0.76075,0.66225,0.37175,0.67975,0.7605,,,0.044765625,0.06278125,,,,,,,,
10 December 2018,Spot - $ Per GB,0.815625,0.7585,0.6565,0.37075,0.67975,0.7605,,,0.0446875,0.0626875,,,,,,,,
11 December 2018,Spot - $ Per GB,0.815625,0.75825,0.65425,0.37075,0.67725,0.7605,,,0.044609375,0.0625625,,,,,,,,
12 December 2018,Spot - $ Per GB,0.812875,0.7545,0.6525,0.37,0.67725,0.7605,,,0.044515625,0.06246875,,,,,,,,
13 December 2018,Spot - $ Per GB,0.812875,0.7545,0.6525,0.37,0.675,0.7605,,,0.044015625,0.06240625,,,,,,,,
14 December 2018,Spot - $ Per GB,0.811375,0.75325,0.65175,0.37,0.675,0.7605,,,0.043203125,0.06196875,,,,,,,,
17 December 2018,Spot - $ Per GB,0.809,0.7525,0.6505,0.37,0.675,0.7605,,,0.043125,0.06196875,,,,,,,,
18 December 2018,Spot - $ Per GB,0.809,0.75425,0.65025,0.36925,0.675,0.7605,,,0.043046875,0.06196875,,,,,,,,
19 December 2018,Spot - $ Per GB,0.801875,0.75425,0.64825,0.36925,0.67475,0.7605,,,0.043140625,0.06190625,,,,,,,,
20 December 2018,Spot - $ Per GB,0.8005,0.75425,0.64825,0.36925,0.6745,0.76,,,0.042921875,0.0615625,,,,,,,,
21 December 2018,Spot - $ Per GB,0.797625,0.75225,0.6455,0.36925,0.67425,0.76,,,0.042609375,0.0615625,,,,,,,,
24 December 2018,Spot - $ Per GB,0.79625,0.758,0.6455,0.36925,0.67075,0.76,,,0.042546875,0.06140625,,,,,,,,
25 December 2018,Spot - $ Per GB,0.79475,0.76,0.6455,0.36925,0.66725,0.76,,,0.042375,0.06125,,,,,,,,
26 December 2018,Spot - $ Per GB,0.794375,0.757,0.64475,0.36925,0.6625,0.76,,,0.042359375,0.06096875,,,,,,,,
27 December 2018,Spot - $ Per GB,0.794,0.757,0.6445,0.36925,0.659,0.76,,,0.042515625,0.0610625,,,,,,,,
28 December 2018,Spot - $ Per GB,0.794,0.757,0.6425,0.36925,0.6579999999999999,0.76,,,0.0423125,0.06084375,,,,,,,,
02 January 2019,Spot - $ Per GB,0.794,0.755,0.6425,0.36925,0.6575,0.7595,,,0.042203125,0.06084375,,,,,,,,
04 January 2019,Spot - $ Per GB,0.77475,0.755,0.64175,0.36925,0.6575,0.7595,,,0.041796875,0.06125,,,,,,,,
07 January 2019,Spot - $ Per GB,0.77225,0.755,0.6405,0.36925,0.65425,0.7595,,,0.041671875,0.06125,,,,,,,,
08 January 2019,Spot - $ Per GB,0.769875,0.755,0.63975,0.36925,0.653,0.755,,,0.041625,0.06121875,,,,,,,,
09 January 2019,Spot - $ Per GB,0.765,0.755,0.63925,0.37175,0.64675,0.745,,,0.041546875,0.06115625,,,,,,,,
10 January 2019,Spot - $ Per GB,0.764125,0.755,0.63825,0.3725,0.64475,0.7405,,,0.04140625,0.06109375,,,,,,,,
11 January 2019,Spot - $ Per GB,0.76375,0.755,0.63825,0.3725,0.64025,0.738,,,0.041375,0.0615,,,,,,,,
14 January 2019,Spot - $ Per GB,0.763375,0.755,0.6375,0.3725,0.63425,0.738,,,0.041359375,0.06140625,,,,,,,,
15 January 2019,Spot - $ Per GB,0.762375,0.755,0.63125,0.3725,0.62975,0.7355,,,0.0413125,0.0611875,,,,,,,,
16 January 2019,Spot - $ Per GB,0.75025,0.755,0.626,0.3725,0.62975,0.7355,,,0.04128125,0.061,,,,,,,,
18 January 2019,Spot - $ Per GB,0.745125,0.755,0.619,0.3725,0.62375,0.7355,,,0.04090625,0.06071875,,,,,,,,
21 January 2019,Spot - $ Per GB,0.744625,0.755,0.61325,0.3725,0.62375,0.7355,,,0.04084375,0.0605625,,,,,,,,
22 January 2019,Spot - $ Per GB,0.744125,0.755,0.6115,0.3725,0.618,0.7355,,,0.0406875,0.0605625,,,,,,,,
23 January 2019,Spot - $ Per GB,0.744125,0.755,0.60825,0.3725,0.61675,0.7355,,,0.04065625,0.06034375,,,,,,,,
24 January 2019,Spot - $ Per GB,0.7440000000000001,0.755,0.6075,0.3725,0.61575,0.7355,,,0.040625,0.0604375,,,,,,,,
25 January 2019,Spot - $ Per GB,0.7440000000000001,0.75325,0.6065,0.3725,0.61525,0.7355,,,0.0405625,0.05996875,,,,,,,,
28 January 2019,Spot - $ Per GB,0.7435,0.75325,0.6065,0.3725,0.61475,0.7355,,,0.04053125,0.0599375,,,,,,,,
29 January 2019,Spot - $ Per GB,0.74325,0.75325,0.60625,0.3725,0.61275,0.73,,,0.04053125,0.05975,,,,,,,,
30 January 2019,Spot - $ Per GB,0.74325,0.75175,0.60525,0.3725,0.6125,0.7295,,,0.040515625,0.05975,,,,,,,,
01 February 2019,Spot - $ Per GB,0.74275,0.75175,0.60525,0.3725,0.612,0.7290000000000001,,,0.040453125,0.05975,,,,,,,,
11 February 2019,Spot - $ Per GB,0.7425,0.75175,0.60525,0.3725,0.612,0.7290000000000001,,,0.040515625,0.06028125,,,,,,,,
12 February 2019,Spot - $ Per GB,0.74225,0.748,0.60175,0.3725,0.612,0.7290000000000001,,,0.0405,0.06021875,,,,,,,,
13 February 2019,Spot - $ Per GB,0.740375,0.74175,0.599,0.3725,0.61175,0.7290000000000001,,,0.040578125,0.06040625,,,,,,,,
14 February 2019,Spot - $ Per GB,0.733125,0.7290000000000001,0.59825,0.37175,0.61075,0.7290000000000001,,,0.040546875,0.06009375,,,,,,,,
19 March 2019,Spot - $ Per GB,0.62975,0.63025,0.50925,0.37075,0.5,0.685,,,0.037015625,0.05175,,,,,,,,
20 March 2019,Spot - $ Per GB,0.611875,0.62,0.50575,0.36925,0.49275,0.685,,,0.037015625,0.05225,,,,,,,,
21 March 2019,Spot - $ Per GB,0.607125,0.6155,0.50025,0.36875,0.486,0.685,,,0.037046875,0.053,,,,,,,,
22 March 2019,Spot - $ Per GB,0.59325,0.611,0.4945,0.3675,0.48125,0.685,,,0.0369375,0.053,,,,,,,,
25 March 2019,Spot - $ Per GB,0.592375,0.6035,0.49425,0.36725,0.48025,0.685,,,0.036921875,0.05325,,,,,,,,
26 March 2019,Spot - $ Per GB,0.5795,0.6035,0.4915,0.36725,0.47775,0.685,,,0.036859375,0.05334375,,,,,,,,
27 March 2019,Spot - $ Per GB,0.5755,0.59625,0.49,0.36725,0.47725,0.6735,,,0.036859375,0.0534375,,,,,,,,
28 March 2019,Spot - $ Per GB,0.573,0.5920000000000001,0.48675,0.3665,0.47525,0.6615,,,0.036859375,0.05353125,,,,,,,,
29 March 2019,Spot - $ Per GB,0.57175,0.5865,0.48425,0.3665,0.47125,0.6545,,,0.036859375,0.05353125,,,,,,,,
01 April 2019,Spot - $ Per GB,0.56675,0.5855,0.48025,0.3665,0.47025,0.6545,,,0.036859375,0.053625,,,,,,,,
02 April 2019,Spot - $ Per GB,0.56425,0.584,0.47375,0.36625,0.4585,0.6375,,,0.036796875,0.05346875,,,,,,,,
03 April 2019,Spot - $ Per GB,0.5605,0.58,0.4675,0.36625,0.45125,0.6255,,,0.03684375,0.05459375,,,,,,,,
04 April 2019,Spot - $ Per GB,0.55675,0.57725,0.465,0.36575,0.44875,0.6185,,,0.03684375,0.0550625,,,,,,,,
08 April 2019,Spot - $ Per GB,0.55625,0.57725,0.4635,0.36425,0.44525,0.616,,,0.036765625,0.05628125,,,,,,,,
09 April 2019,Spot - $ Per GB,0.54925,0.5710000000000001,0.462,0.36325,0.44425,0.6115,,,0.036765625,0.05690625,,,,,,,,
10 April 2019,Spot - $ Per GB,0.543375,0.56275,0.453,0.36175,0.443,0.597,,,0.036953125,0.05821875,,,,,,,,
11 April 2019,Spot - $ Per GB,0.540625,0.56025,0.44475,0.36175,0.44175,0.59,,,0.036984375,0.05859375,,,,,,,,
12 April 2019,Spot - $ Per GB,0.538125,0.55875,0.43975,0.36,0.43825,0.585,,,0.037171875,0.05959375,,,,,,,,
15 April 2019,Spot - $ Per GB,0.5365,0.5579999999999999,0.4375,0.35925,0.43075,0.578,,,0.037171875,0.05978125,,,,,,,,
16 April 2019,Spot - $ Per GB,0.5315,0.5565,0.43425,0.3575,0.42975,0.5735,,,0.037578125,0.06090625,,,,,,,,
17 April 2019,Spot - $ Per GB,0.52925,0.55575,0.43275,0.3575,0.4285,0.5685,,,0.038125,0.06090625,,,,,,,,
18 April 2019,Spot - $ Per GB,0.5275,0.555,0.43175,0.3575,0.4285,0.5660000000000001,,,0.038734375,0.061,,,,,,,,
19 April 2019,Spot - $ Per GB,0.52375,0.55325,0.431,0.3575,0.42625,0.5615,,,0.03909375,0.061,,,,,,,,
22 April 2019,Spot - $ Per GB,0.52,0.5525,0.43025,0.3575,0.42625,0.5579999999999999,,,0.039578125,0.06121875,,,,,,,,
23 April 2019,Spot - $ Per GB,0.5135,0.5525,0.42875,0.3575,0.425,0.5529999999999999,,,0.039546875,0.06303125,,,,,,,,
24 April 2019,Spot - $ Per GB,0.511,0.5525,0.4270000000000001,0.3575,0.425,0.5525,,,0.0398125,0.06321875,,,,,,,,
25 April 2019,Spot - $ Per GB,0.504,0.5515,0.4255,0.3575,0.425,0.5515,,,0.039921875,0.063375,,,,,,,,
26 April 2019,Spot - $ Per GB,0.498,0.5515,0.42375,0.3575,0.42175,0.5489999999999999,,,0.03984375,0.063375,,,,,,,,
30 April 2019,Spot - $ Per GB,0.4935,0.54725,0.41975,0.3575,0.41725,0.5465,,,0.03990625,0.06446875,,,,,,,,
02 May 2019,Spot - $ Per GB,0.48775,0.5429999999999999,0.41875,0.3575,0.416,0.5465,,,0.04,0.06559375,,,,,,,,
03 May 2019,Spot - $ Per GB,0.484,0.54125,0.4155,0.3575,0.41475,0.546,,,0.040171875,0.06740625,,,,,,,,
06 May 2019,Spot - $ Per GB,0.4815,0.54125,0.41375,0.3575,0.41375,0.545,,,0.040421875,0.0693125,,,,,,,,
08 May 2019,Spot - $ Per GB,0.47525,0.5405,0.40775,0.3575,0.4105,0.545,,,0.039984375,0.0693125,,,,,,,,
09 May 2019,Spot - $ Per GB,0.474125,0.53975,0.40575,0.3575,0.40925,0.545,,,0.03984375,0.06875,,,,,,,,
10 May 2019,Spot - $ Per GB,0.472625,0.53975,0.40525,0.3575,0.407,0.545,,,0.0398125,0.0675625,,,,,,,,
13 May 2019,Spot - $ Per GB,0.47225,0.53975,0.40375,0.3575,0.40575,0.545,,,0.0395625,0.0675625,,,,,,,,
14 May 2019,Spot - $ Per GB,0.471875,0.53975,0.40275,0.3575,0.4035,0.545,,,0.03934375,0.067375,,,,,,,,
15 May 2019,Spot - $ Per GB,0.47075,0.53975,0.401,0.35425,0.40125,0.545,,,0.038890625,0.0671875,,,,,,,,
16 May 2019,Spot - $ Per GB,0.4685,0.53875,0.3995,0.35325,0.40075,0.54,,,0.038828125,0.0669375,,,,,,,,
17 May 2019,Spot - $ Per GB,0.4675,0.53125,0.3985,0.3525,0.39975,0.5395,,,0.03778125,0.06665625,,,,,,,,
20 May 2019,Spot - $ Per GB,0.46575,0.52375,0.397,0.35175,0.3985,0.537,,,0.03775,0.06653125,,,,,,,,
22 May 2019,Spot - $ Per GB,0.461,0.51625,0.39325,0.35,0.39825,0.537,,,0.036859375,0.06575,,,,,,,,
23 May 2019,Spot - $ Per GB,0.459,0.51475,0.39325,0.34925,0.39825,0.537,,,0.03678125,0.065375,,,,,,,,
28 May 2019,Spot - $ Per GB,0.4535,0.504,0.3885,0.34825,0.396,0.5345,,,0.036765625,0.06525,,,,,,,,
29 May 2019,Spot - $ Per GB,0.452,0.499,0.38675,0.34825,0.3935,0.5345,,,0.03678125,0.06525,,,,,,,,
30 May 2019,Spot - $ Per GB,0.451125,0.49575,0.38425,0.34825,0.39125,0.5345,,,0.036828125,0.065375,,,,,,,,
31 May 2019,Spot - $ Per GB,0.450125,0.49075,0.3825,0.34825,0.39125,0.532,,,0.036953125,0.06553125,,,,,,,,
03 June 2019,Spot - $ Per GB,0.449125,0.4815,0.38175,0.34825,0.38775,0.532,,,0.037015625,0.0656875,,,,,,,,
04 June 2019,Spot - $ Per GB,0.449125,0.4775,0.38,0.34825,0.38525,0.532,,,0.037046875,0.06578125,,,,,,,,
05 June 2019,Spot - $ Per GB,0.44725,0.47125,0.38,0.34825,0.384,0.532,,,0.037078125,0.0659375,,,,,,,,
06 June 2019,Spot - $ Per GB,0.44125,0.4695,0.38,0.3475,0.38275,0.53,,,0.037234375,0.06621875,,,,,,,,
10 June 2019,Spot - $ Per GB,0.4370000000000001,0.45825,0.3785,0.34575,0.38275,0.53,,,0.037734375,0.06625,,,,,,,,
11 June 2019,Spot - $ Per GB,0.43075,0.45625,0.3785,0.3425,0.38275,0.53,,,0.037359375,0.0665,,,,,,,,
12 June 2019,Spot - $ Per GB,0.42825,0.45625,0.3775,0.34,0.38275,0.524,,,0.037125,0.06603125,,,,,,,,
14 June 2019,Spot - $ Per GB,0.42575,0.45525,0.37675,0.33675,0.37925,0.5225,,,0.03678125,0.06575,,,,,,,,
17 June 2019,Spot - $ Per GB,0.42525,0.45525,0.376,0.33575,0.37925,0.52,,,0.036671875,0.0660625,,,,,,,,
18 June 2019,Spot - $ Per GB,0.4235,0.45425,0.37525,0.33425,0.379,0.5195,,,0.036671875,0.06634375,,,,,,,,
19 June 2019,Spot - $ Per GB,0.419,0.45075,0.3720000000000001,0.333,0.37875,0.5195,,,0.036453125,0.0665625,,,,,,,,
20 June 2019,Spot - $ Per GB,0.416,0.45025,0.3695,0.332,0.37425,0.5195,,,0.036671875,0.06671875,,,,,,,,
21 June 2019,Spot - $ Per GB,0.4095,0.44825,0.3655,0.33125,0.37075,0.516,,,0.0365625,0.06703125,,,,,,,,
24 June 2019,Spot - $ Per GB,0.408125,0.44825,0.36475,0.33075,0.3705,0.5135,,,0.03659375,0.0676875,,,,,,,,
25 June 2019,Spot - $ Per GB,0.4035,0.44825,0.36425,0.33075,0.3665,0.5135,,,0.036609375,0.0679375,,,,,,,,
26 June 2019,Spot - $ Per GB,0.402,0.44825,0.36325,0.32825,0.36525,0.5105,,,0.036671875,0.06809375,,,,,,,,
27 June 2019,Spot - $ Per GB,0.394875,0.4395,0.36325,0.32825,0.36275,0.508,,,0.036421875,0.06675,,,,,,,,
28 June 2019,Spot - $ Per GB,0.39275,0.43875,0.3625,0.32825,0.3615,0.503,,,0.036421875,0.0665,,,,,,,,
01 July 2019,Spot - $ Per GB,0.391,0.43825,0.362,0.32825,0.36025,0.503,,,0.03646875,0.0659375,,,,,,,,
02 July 2019,Spot - $ Per GB,0.38825,0.4375,0.36175,0.32675,0.3595,0.5005,,,0.03653125,0.0653125,,,,,,,,
04 July 2019,Spot - $ Per GB,0.38325,0.43275,0.3585,0.32575,0.359,0.496,,,0.036640625,0.06525,,,,,,,,
05 July 2019,Spot - $ Per GB,0.37875,0.4320000000000001,0.355,0.32425,0.3585,0.4935,,,0.03671875,0.065125,,,,,,,,
08 July 2019,Spot - $ Per GB,0.37625,0.4320000000000001,0.355,0.32325,0.362,0.491,,,0.036875,0.0645625,,,,,,,,
10 July 2019,Spot - $ Per GB,0.38025,0.435,0.36725,0.32425,0.3765,0.5005,,,0.03696875,0.065125,,,,,,,,
11 July 2019,Spot - $ Per GB,0.3875,0.44625,0.3845,0.32675,0.38525,0.5125,,,0.03765625,0.06634375,,,,,,,,
12 July 2019,Spot - $ Per GB,0.407625,0.45325,0.3995,0.3375,0.41575,0.5315,,,0.037734375,0.06775,,,,,,,,
15 July 2019,Spot - $ Per GB,0.420125,0.4625,0.40375,0.34175,0.42625,0.5435,,,0.03775,0.06821875,,,,,,,,
16 July 2019,Spot - $ Per GB,0.4415,0.47075,0.41025,0.34325,0.43575,0.5485,,,0.038484375,0.07078125,,,,,,,,
17 July 2019,Spot - $ Per GB,0.4455,0.475,0.4275,0.355,0.44,0.5529999999999999,,,0.038484375,0.0713125,,,,,,,,
18 July 2019,Spot - $ Per GB,0.4495,0.4825,0.4385,0.3575,0.4475,0.5585,,,0.038875,0.071875,,,,,,,,
19 July 2019,Spot - $ Per GB,0.467,0.5225,0.44375,0.365,0.4625,0.5595,,,0.038953125,0.07296875,,,,,,,,
22 July 2019,Spot - $ Per GB,0.467,0.527,0.4475,0.36575,0.46675,0.5665,,,0.038953125,0.07434375,,,,,,,,
23 July 2019,Spot - $ Per GB,0.461625,0.53,0.4445,0.365,0.47075,0.5665,,,0.0389375,0.0746875,,,,,,,,
24 July 2019,Spot - $ Per GB,0.458,0.53325,0.43975,0.365,0.45425,0.5665,,,0.03890625,0.07471875,,,,,,,,
25 July 2019,Spot - $ Per GB,0.455375,0.52875,0.43975,0.365,0.44825,0.5665,,,0.038859375,0.0748125,,,,,,,,
26 July 2019,Spot - $ Per GB,0.4545,0.522,0.4365,0.36325,0.44075,0.5665,,,0.038796875,0.07509375,,,,,,,,
29 July 2019,Spot - $ Per GB,0.454125,0.52075,0.43125,0.3625,0.435,0.5665,,,0.03878125,0.07509375,,,,,,,,
30 July 2019,Spot - $ Per GB,0.454125,0.52075,0.42925,0.36075,0.42875,0.5665,,,0.03878125,0.07509375,,,,,,,,
31 July 2019,Spot - $ Per GB,0.454125,0.52075,0.4235,0.35925,0.4225,0.5665,,,0.03878125,0.07509375,,,,,,,,
01 August 2019,Spot - $ Per GB,0.45375,0.52075,0.41875,0.35925,0.42,0.5665,,,0.03859375,0.07528125,,,,,,,,
02 August 2019,Spot - $ Per GB,0.454125,0.52075,0.4175,0.35,0.41825,0.5665,,,0.03859375,0.07528125,,,,,,,,
05 August 2019,Spot - $ Per GB,0.454125,0.52,0.417,0.3475,0.41825,0.5665,,,0.03840625,0.07546875,,,,,,,,
07 August 2019,Spot - $ Per GB,0.454625,0.51375,0.417,0.33625,0.4165,0.5655,,,0.03821875,0.0756875,,,,,,,,
08 August 2019,Spot - $ Per GB,0.452125,0.5125,0.417,0.33,0.41625,0.5655,,,0.038390625,0.07546875,,,,,,,,
12 August 2019,Spot - $ Per GB,0.447125,0.5075,0.417,0.3225,0.416,0.5655,,,0.038390625,0.07534375,,,,,,,,
13 August 2019,Spot - $ Per GB,0.444625,0.50425,0.41825,0.32,0.4135,0.563,,,0.038390625,0.0755,,,,,,,,
14 August 2019,Spot - $ Per GB,0.443375,0.50325,0.41825,0.3175,0.41125,0.5535,,,0.038484375,0.0755,,,,,,,,
16 August 2019,Spot - $ Per GB,0.440875,0.50075,0.4145,0.31125,0.4045,0.551,,,0.038390625,0.07565625,,,,,,,,
19 August 2019,Spot - $ Per GB,0.440375,0.49675,0.41325,0.30875,0.40325,0.551,,,0.038390625,0.07565625,,,,,,,,
20 August 2019,Spot - $ Per GB,0.439625,0.49325,0.412,0.3075,0.39825,0.551,,,0.038390625,0.07565625,,,,,,,,
22 August 2019,Spot - $ Per GB,0.437125,0.48575,0.41125,0.3,0.3945,0.5465,,,0.03871875,0.07590625,,,,,,,,
23 August 2019,Spot - $ Per GB,0.434625,0.48425,0.41,0.2975,0.39125,0.5465,,,0.03871875,0.07571875,,,,,,,,
26 August 2019,Spot - $ Per GB,0.43375,0.48325,0.41,0.29375,0.39125,0.5465,,,0.038640625,0.075625,,,,,,,,
27 August 2019,Spot - $ Per GB,0.432875,0.48325,0.41,0.2925,0.39075,0.5465,,,0.038640625,0.07521875,,,,,,,,
28 August 2019,Spot - $ Per GB,0.427125,0.4825,0.4095,0.29,0.38875,0.5465,,,0.038734375,0.07521875,,,,,,,,
29 August 2019,Spot - $ Per GB,0.425,0.4825,0.4095,0.28875,0.38625,0.5465,,,0.038671875,0.07521875,,,,,,,,
30 August 2019,Spot - $ Per GB,0.424125,0.475,0.40825,0.285,0.38375,0.5465,,,0.038671875,0.07509375,,,,,,,,
03 September 2019,Spot - $ Per GB,0.42125,0.47425,0.4075,0.28125,0.382,0.5465,,,0.0381875,0.07584375,,,,,,,,
04 September 2019,Spot - $ Per GB,0.42,0.47425,0.40625,0.2775,0.38075,0.5465,,,0.0381875,0.07584375,,,,,,,,
05 September 2019,Spot - $ Per GB,0.415875,0.47425,0.40325,0.275,0.37825,0.5465,,,0.037953125,0.075625,,,,,,,,
06 September 2019,Spot - $ Per GB,0.414125,0.4785,0.40125,0.2725,0.3775,0.5465,,,0.037921875,0.07553125,,,,,,,,
09 September 2019,Spot - $ Per GB,0.412875,0.479,0.40075,0.27125,0.377,0.5465,,,0.037953125,0.075625,,,,,,,,
10 September 2019,Spot - $ Per GB,0.40875,0.48,0.40075,0.27,0.37625,0.5465,,,0.038015625,0.07571875,,,,,,,,
11 September 2019,Spot - $ Per GB,0.4075,0.48075,0.40075,0.26875,0.37625,0.5465,,,0.03790625,0.07353125,,,,,,,,
12 September 2019,Spot - $ Per GB,0.406625,0.48125,0.3995,0.2675,0.375,0.5465,,,0.037734375,0.07334375,,,,,,,,
17 September 2019,Spot - $ Per GB,0.405375,0.4815,0.399,0.2645,0.37325,0.5465,,,0.037734375,0.07171875,,,,,,,,
18 September 2019,Spot - $ Per GB,0.405,0.47925,0.399,0.26375,0.3725,0.5465,,,0.037046875,0.07159375,,,,,,,,
19 September 2019,Spot - $ Per GB,0.404625,0.47925,0.399,0.2625,0.3725,0.5465,,,0.036875,0.07096875,,,,,,,,
20 September 2019,Spot - $ Per GB,0.40375,0.47925,0.399,0.26075,0.3725,0.546,,,0.036875,0.070375,,,,,,,,
23 September 2019,Spot - $ Per GB,0.403375,0.48,0.39875,0.26,0.37225,0.546,,,0.036796875,0.070375,,,,,,,,
24 September 2019,Spot - $ Per GB,0.400375,0.48,0.398,0.25875,0.3720000000000001,0.546,,,0.03675,0.07034375,,,,,,,,
25 September 2019,Spot - $ Per GB,0.4,0.48,0.398,0.2575,0.3720000000000001,0.546,,,0.036734375,0.0700625,,,,,,,,
26 September 2019,Spot - $ Per GB,0.399625,0.48,0.39775,0.255,0.37125,0.5435,,,0.03675,0.06953125,,,,,,,,
27 September 2019,Spot - $ Per GB,0.39875,0.47925,0.39775,0.25375,0.37,0.5435,,,0.036765625,0.06925,,,,,,,,
30 September 2019,Spot - $ Per GB,0.397875,0.47675,0.39725,0.2525,0.37,0.541,,,0.03675,0.06925,,,,,,,,
01 October 2019,Spot - $ Per GB,0.39625,0.47675,0.39725,0.2525,0.3695,0.5375,,,0.036609375,0.06875,,,,,,,,
02 October 2019,Spot - $ Per GB,0.390875,0.47675,0.39725,0.25125,0.3695,0.5375,,,0.03659375,0.06875,,,,,,,,
04 October 2019,Spot - $ Per GB,0.386625,0.46925,0.39675,0.25125,0.3685,0.537,,,0.036546875,0.06828125,,,,,,,,
07 October 2019,Spot - $ Per GB,0.384625,0.46925,0.39675,0.2495,0.3685,0.5365,,,0.036453125,0.06828125,,,,,,,,
08 October 2019,Spot - $ Per GB,0.381625,0.46575,0.39675,0.249,0.3685,0.5365,,,0.036390625,0.068125,,,,,,,,
09 October 2019,Spot - $ Per GB,0.383375,0.4625,0.3965,0.248,0.3685,0.5365,,,0.036546875,0.068125,,,,,,,,
10 October 2019,Spot - $ Per GB,0.383375,0.4625,0.3965,0.24775,0.36825,0.535,,,0.036625,0.067875,,,,,,,,
11 October 2019,Spot - $ Per GB,0.382875,0.45675,0.39625,0.2475,0.36825,0.535,,,0.036375,0.06759375,,,,,,,,
14 October 2019,Spot - $ Per GB,0.382875,0.45,0.396,0.247,0.36825,0.5345,,,0.036046875,0.0679375,,,,,,,,
15 October 2019,Spot - $ Per GB,0.381625,0.44575,0.396,0.247,0.36825,0.534,,,0.036046875,0.06809375,,,,,,,,
16 October 2019,Spot - $ Per GB,0.377125,0.44175,0.3955,0.24625,0.36825,0.534,,,0.036046875,0.06878125,,,,,,,,
17 October 2019,Spot - $ Per GB,0.374625,0.44,0.3955,0.24575,0.36775,0.5329999999999999,,,0.036046875,0.06878125,,,,,,,,
18 October 2019,Spot - $ Per GB,0.37375,0.43825,0.3955,0.24575,0.3675,0.5325,,,0.036140625,0.06909375,,,,,,,,
21 October 2019,Spot - $ Per GB,0.370875,0.43825,0.394,0.245,0.3675,0.5315,,,0.0361875,0.0691875,,,,,,,,
22 October 2019,Spot - $ Per GB,0.369625,0.43575,0.394,0.2445,0.36725,0.53,,,0.036203125,0.06934375,,,,,,,,
25 October 2019,Spot - $ Per GB,0.363375,0.43425,0.3935,0.24,0.36725,0.529,,,0.036234375,0.0695,,,,,,,,
28 October 2019,Spot - $ Per GB,0.36275,0.43425,0.39225,0.23875,0.36725,0.529,,,0.03625,0.06978125,,,,,,,,
29 October 2019,Spot - $ Per GB,0.361625,0.4325,0.39025,0.2375,0.3670000000000001,0.529,,,0.03625,0.0704375,,,,,,,,
31 October 2019,Spot - $ Per GB,0.360375,0.4325,0.389,0.235,0.36575,0.5265,,,0.036078125,0.07059375,,,,,,,,
01 November 2019,Spot - $ Per GB,0.36,0.4325,0.389,0.23375,0.36525,0.525,,,0.036046875,0.0705625,,,,,,,,
04 November 2019,Spot - $ Per GB,0.359625,0.4325,0.38875,0.23375,0.365,0.525,,,0.03603125,0.07059375,,,,,,,,
05 November 2019,Spot - $ Per GB,0.35875,0.43175,0.387,0.23125,0.3645,0.523,,,0.036015625,0.07059375,,,,,,,,
06 November 2019,Spot - $ Per GB,0.358375,0.43175,0.387,0.23,0.36375,0.523,,,0.036000000000000004,0.0701875,,,,,,,,
07 November 2019,Spot - $ Per GB,0.357875,0.43175,0.38675,0.23,0.36375,0.522,,,0.036000000000000004,0.0701875,,,,,,,,
08 November 2019,Spot - $ Per GB,0.356625,0.43075,0.3865,0.23,0.36325,0.522,,,0.036000000000000004,0.0700625,,,,,,,,
11 November 2019,Spot - $ Per GB,0.355875,0.43,0.386,0.23,0.3625,0.522,,,0.036000000000000004,0.07003125,,,,,,,,
12 November 2019,Spot - $ Per GB,0.354125,0.42925,0.38575,0.23,0.36075,0.522,,,0.035953125,0.07003125,,,,,,,,
13 November 2019,Spot - $ Per GB,0.35375,0.42925,0.38525,0.23,0.36,0.5175,,,0.035953125,0.07003125,,,,,,,,
14 November 2019,Spot - $ Per GB,0.35375,0.42825,0.3845,0.22875,0.359,0.515,,,0.036125,0.07003125,,,,,,,,
15 November 2019,Spot - $ Per GB,0.352125,0.42575,0.384,0.22875,0.35825,0.5125,,,0.036265625,0.07003125,,,,,,,,
18 November 2019,Spot - $ Per GB,0.350375,0.4225,0.38325,0.2275,0.3575,0.5105,,,0.036265625,0.07003125,,,,,,,,
19 November 2019,Spot - $ Per GB,0.349125,0.42075,0.382,0.22625,0.35725,0.508,,,0.036265625,0.07003125,,,,,,,,
21 November 2019,Spot - $ Per GB,0.346625,0.41425,0.37825,0.225,0.35625,0.506,,,0.03646875,0.07003125,,,,,,,,
22 November 2019,Spot - $ Per GB,0.344625,0.41325,0.37775,0.22375,0.35575,0.5035,,,0.0365,0.0700625,,,,,,,,
25 November 2019,Spot - $ Per GB,0.344125,0.4125,0.37725,0.22375,0.35575,0.5015,,,0.03653125,0.0700625,,,,,,,,
26 November 2019,Spot - $ Per GB,0.3435,0.41175,0.3765,0.22375,0.35575,0.499,,,0.036625,0.07021875,,,,,,,,
27 November 2019,Spot - $ Per GB,0.343375,0.4115,0.37625,0.2275,0.3555,0.498,,,0.0366875,0.070375,,,,,,,,
28 November 2019,Spot - $ Per GB,0.343375,0.41125,0.3755,0.2275,0.3555,0.4970000000000001,,,0.036734375,0.070375,,,,,,,,
04 December 2019,Spot - $ Per GB,0.3415,0.41125,0.3755,0.23125,0.354,0.4970000000000001,,,0.036734375,0.07053125,,,,,,,,
05 December 2019,Spot - $ Per GB,0.3415,0.41,0.37525,0.2325,0.354,0.4955,,,0.036796875,0.07053125,,,,,,,,
09 December 2019,Spot - $ Per GB,0.34225,0.40875,0.375,0.235,0.35375,0.4920000000000001,,,0.036703125,0.07053125,,,,,,,,
10 December 2019,Spot - $ Per GB,0.344625,0.40925,0.373,0.23875,0.35375,0.49,,,0.0366875,0.07053125,,,,,,,,
11 December 2019,Spot - $ Per GB,0.347875,0.40925,0.373,0.24125,0.35375,0.49,,,0.036453125,0.07053125,,,,,,,,
12 December 2019,Spot - $ Per GB,0.357875,0.40925,0.37725,0.24375,0.3545,0.499,,,0.03640625,0.07053125,,,,,,,,
13 December 2019,Spot - $ Per GB,0.37125,0.42075,0.37975,0.2495,0.36075,0.5,,,0.036375,0.07053125,,,,,,,,
16 December 2019,Spot - $ Per GB,0.377125,0.4295,0.383,0.25125,0.3645,0.502,,,0.036375,0.07053125,,,,,,,,
17 December 2019,Spot - $ Per GB,0.377125,0.43325,0.38475,0.25375,0.37325,0.52,,,0.036375,0.07053125,,,,,,,,
18 December 2019,Spot - $ Per GB,0.377875,0.43425,0.38675,0.25875,0.37575,0.524,,,0.036375,0.07053125,,,,,,,,
19 December 2019,Spot - $ Per GB,0.378375,0.43425,0.38725,0.26125,0.3795,0.528,,,0.036375,0.07053125,,,,,,,,
20 December 2019,Spot - $ Per GB,0.378375,0.4375,0.388,0.265,0.38,0.529,,,0.036609375,0.07053125,,,,,,,,
23 December 2019,Spot - $ Per GB,0.378375,0.4375,0.3885,0.27,0.38125,0.535,,,0.036640625,0.0705625,,,,,,,,
24 December 2019,Spot - $ Per GB,0.378375,0.4375,0.3885,0.2725,0.38125,0.535,,,0.03675,0.0705625,,,,,,,,
25 December 2019,Spot - $ Per GB,0.3785,0.4375,0.3885,0.27625,0.38125,0.541,,,0.036953125,0.0705625,,,,,,,,
26 December 2019,Spot - $ Per GB,0.37875,0.4375,0.389,0.27875,0.3825,0.545,,,0.037046875,0.0705625,,,,,,,,
27 December 2019,Spot - $ Per GB,0.37875,0.4375,0.3895,0.28125,0.3825,0.545,,,0.037078125,0.0705625,,,,,,,,
30 December 2019,Spot - $ Per GB,0.37875,0.4375,0.3915,0.28375,0.3825,0.546,,,0.037296875,0.0705625,,,,,,,,
31 December 2019,Spot - $ Per GB,0.37875,0.44,0.392,0.28625,0.3825,0.546,,,0.0374375,0.0705625,,,,,,,,
02 January 2020,Spot - $ Per GB,0.37875,0.44,0.39475,0.2875,0.38375,0.546,,,0.037421875,0.0705625,,,,,,,,
03 January 2020,Spot - $ Per GB,0.38125,0.44825,0.3995,0.2875,0.38625,0.546,,,0.03753125,0.0706875,,,,,,,,
06 January 2020,Spot - $ Per GB,0.384125,0.455,0.40025,0.28875,0.3875,0.546,,,0.03753125,0.0706875,,,,,,,,
07 January 2020,Spot - $ Per GB,0.390875,0.475,0.4015,0.29,0.38825,0.546,,,0.0378125,0.07146875,,,,,,,,
08 January 2020,Spot - $ Per GB,0.393375,0.48825,0.40275,0.29375,0.39125,0.546,,,0.037921875,0.07146875,,,,,,,,
13 January 2020,Spot - $ Per GB,0.4,0.50425,0.40575,0.29875,0.39325,0.546,,,0.03840625,0.071875,,,,,,,,
14 January 2020,Spot - $ Per GB,0.402125,0.50575,0.40825,0.3025,0.39375,0.546,,,0.038765625,0.072125,,,,,,,,
15 January 2020,Spot - $ Per GB,0.408375,0.50825,0.41125,0.30375,0.39375,0.5539999999999999,,,0.038890625,0.072125,,,,,,,,
16 January 2020,Spot - $ Per GB,0.41625,0.51075,0.41475,0.305,0.3945,0.561,,,0.038890625,0.072125,,,,,,,,
17 January 2020,Spot - $ Per GB,0.417875,0.51425,0.42325,0.30625,0.39825,0.563,,,0.03890625,0.072125,,,,,,,,
20 January 2020,Spot - $ Per GB,0.41875,0.515,0.42625,0.3075,0.39825,0.5670000000000001,,,0.03890625,0.072125,,,,,,,,
21 January 2020,Spot - $ Per GB,0.420875,0.51575,0.43225,0.30875,0.39875,0.569,,,0.03890625,0.072125,,,,,,,,
22 January 2020,Spot - $ Per GB,0.422125,0.51675,0.434,0.31,0.4,0.5710000000000001,,,0.03890625,0.072125,,,,,,,,
03 February 2020,Spot - $ Per GB,0.43,0.5225,0.43875,0.3125,0.40125,0.575,,,0.039109375,0.072625,,,,,,,,
04 February 2020,Spot - $ Per GB,0.435875,0.52675,0.442,0.31375,0.402,0.5770000000000001,,,0.039109375,0.07234375,,,,,,,,
05 February 2020,Spot - $ Per GB,0.430875,0.52425,0.44225,0.31625,0.40325,0.5770000000000001,,,0.039171875,0.07234375,,,,,,,,
06 February 2020,Spot - $ Per GB,0.428375,0.52425,0.44275,0.32,0.40325,0.5770000000000001,,,0.03975,0.07234375,,,,,,,,
10 February 2020,Spot - $ Per GB,0.426625,0.52425,0.4425,0.3225,0.405,0.5770000000000001,,,0.040046875,0.07234375,,,,,,,,
11 February 2020,Spot - $ Per GB,0.426625,0.51675,0.44375,0.32375,0.405,0.579,,,0.040046875,0.07234375,,,,,,,,
12 February 2020,Spot - $ Per GB,0.426625,0.50825,0.44375,0.325,0.4025,0.579,,,0.040046875,0.07234375,,,,,,,,
13 February 2020,Spot - $ Per GB,0.426625,0.5,0.44375,0.3275,0.40375,0.579,,,0.040046875,0.07234375,,,,,,,,
14 February 2020,Spot - $ Per GB,0.426625,0.5,0.44225,0.33,0.40375,0.579,,,0.040046875,0.07234375,,,,,,,,
17 February 2020,Spot - $ Per GB,0.424125,0.5,0.44225,0.335,0.402,0.579,,,0.040046875,0.07234375,,,,,,,,
18 February 2020,Spot - $ Per GB,0.4225,0.5,0.441,0.3375,0.402,0.5770000000000001,,,0.039984375,0.07234375,,,,,,,,
19 February 2020,Spot - $ Per GB,0.414625,0.5,0.438,0.34,0.402,0.5770000000000001,,,0.039984375,0.07234375,,,,,,,,
20 February 2020,Spot - $ Per GB,0.414625,0.50075,0.43725,0.3425,0.39875,0.5770000000000001,,,0.03996875,0.07234375,,,,,,,,
21 February 2020,Spot - $ Per GB,0.414625,0.50075,0.43725,0.345,0.3975,0.5770000000000001,,,0.04015625,0.07234375,,,,,,,,
24 February 2020,Spot - $ Per GB,0.414625,0.50075,0.44075,0.34625,0.39875,0.5770000000000001,,,0.04028125,0.07234375,,,,,,,,
25 February 2020,Spot - $ Per GB,0.417875,0.50175,0.4465,0.3475,0.405,0.5770000000000001,,,0.040703125,0.07234375,,,,,,,,
26 February 2020,Spot - $ Per GB,0.419125,0.5075,0.447,0.3525,0.41325,0.5820000000000001,,,0.041140625,0.07234375,,,,,,,,
28 February 2020,Spot - $ Per GB,0.428375,0.5225,0.468,0.3625,0.44625,0.606,,,0.040921875,0.07234375,,,,,,,,
02 March 2020,Spot - $ Per GB,0.430875,0.52575,0.475,0.365,0.45125,0.614,,,0.04146875,0.07234375,,,,,,,,
03 March 2020,Spot - $ Per GB,0.439625,0.53425,0.47875,0.37,0.4575,0.628,,,0.0415625,0.07234375,,,,,,,,
04 March 2020,Spot - $ Per GB,0.44125,0.54075,0.48325,0.3725,0.4525,0.63,,,0.04134375,0.07234375,,,,,,,,
05 March 2020,Spot - $ Per GB,0.445375,0.55425,0.48775,0.3775,0.4525,0.632,,,0.04134375,0.07234375,,,,,,,,
06 March 2020,Spot - $ Per GB,0.445375,0.55575,0.49675,0.385,0.45325,0.64,,,0.04071875,0.07234375,,,,,,,,
09 March 2020,Spot - $ Per GB,0.447875,0.5575,0.49675,0.38875,0.45375,0.64,,,0.04075,0.07234375,,,,,,,,
12 March 2020,Spot - $ Per GB,0.45,0.56075,0.48825,0.39875,0.4475,0.629,,,0.040984375,0.07234375,,,,,,,,
13 March 2020,Spot - $ Per GB,0.449625,0.56075,0.4875,0.39875,0.44325,0.629,,,0.040984375,0.07234375,,,,,,,,
16 March 2020,Spot - $ Per GB,0.447125,0.56075,0.48475,0.39875,0.4425,0.629,,,0.040984375,0.07234375,,,,,,,,
17 March 2020,Spot - $ Per GB,0.446625,0.56075,0.48425,0.39875,0.4425,0.629,,,0.0409375,0.07234375,,,,,,,,
18 March 2020,Spot - $ Per GB,0.4425,0.55825,0.47525,0.39875,0.44,0.629,,,0.040921875,0.07234375,,,,,,,,
23 March 2020,Spot - $ Per GB,0.439125,0.55675,0.4635,0.39875,0.4375,0.629,,,0.04040625,0.072625,,,,,,,,
24 March 2020,Spot - $ Per GB,0.4375,0.55675,0.45975,0.39875,0.43375,0.621,,,0.04040625,0.07303125,,,,,,,,
26 March 2020,Spot - $ Per GB,0.4375,0.55175,0.452,0.39875,0.43125,0.619,,,0.04034375,0.072625,,,,,,,,
27 March 2020,Spot - $ Per GB,0.4375,0.5475,0.44775,0.3975,0.42825,0.617,,,0.04034375,0.072625,,,,,,,,
31 March 2020,Spot - $ Per GB,0.445875,0.53575,0.44725,0.3975,0.42325,0.617,,,0.04034375,0.072625,,,,,,,,
01 April 2020,Spot - $ Per GB,0.45,0.53425,0.44425,0.3975,0.42075,0.617,,,0.04034375,0.072625,,,,,,,,
02 April 2020,Spot - $ Per GB,0.454125,0.53075,0.443,0.3975,0.4195,0.617,,,0.04034375,0.072625,,,,,,,,
03 April 2020,Spot - $ Per GB,0.454625,0.52925,0.4425,0.3975,0.41875,0.617,,,0.04034375,0.072625,,,,,,,,
06 April 2020,Spot - $ Per GB,0.454625,0.52925,0.44125,0.39375,0.41825,0.617,,,0.04034375,0.072625,,,,,,,,
08 April 2020,Spot - $ Per GB,0.452125,0.52075,0.44025,0.38875,0.41575,0.617,,,0.04034375,0.072625,,,,,,,,
16 April 2020,Spot - $ Per GB,0.435,0.50925,0.425,0.375,0.41,0.579,,,0.040140625,0.07290625,,,,,,,,
17 April 2020,Spot - $ Per GB,0.434125,0.50925,0.4245,0.37375,0.40875,0.579,0.5045,1.013,0.04009375,0.07290625,0.01334375,0.0753125,0.1193125,0.059375,0.106875,0.1933125,0.26425,0.4285
20 April 2020,Spot - $ Per GB,0.433375,0.5075,0.4245,0.3720000000000001,0.40875,0.579,,,0.041296875,0.07290625,,,,,,,,
21 April 2020,Spot - $ Per GB,0.43125,0.5075,0.4215,0.3720000000000001,0.4075,0.573,,,0.040984375,0.07290625,,,,,,,,
22 April 2020,Spot - $ Per GB,0.430375,0.5075,0.42025,0.37125,0.4065,0.5710000000000001,,,0.040984375,0.07290625,,,,,,,,
30 April 2020,Spot - $ Per GB,0.415,0.495,0.41625,0.36125,0.399,0.561,0.498,0.993,0.042890625,0.07421875,0.012988281,0.07453125,0.1173125,0.05884375,0.1051875,0.1885625,0.249125,0.4125
04 May 2020,Spot - $ Per GB,0.413375,0.49425,0.41325,0.35875,0.399,0.561,0.4975,0.991,0.042671875,0.07421875,0.012972656,0.0744375,0.11725,0.05865625,0.104375,0.185,0.245625,0.40125
05 May 2020,Spot - $ Per GB,0.410875,0.4925,0.412,0.3575,0.39475,0.557,0.4985,0.99,0.042921875,0.073625,0.012929688,0.0733125,0.1164375,0.058125,0.103125,0.185,0.245625,0.40125
06 May 2020,Spot - $ Per GB,0.41,0.49175,0.41025,0.35625,0.39225,0.557,0.4995,0.991,0.04275,0.073,0.0129296875,0.0733125,0.1166875,0.058125,0.103125,0.185,0.245625,0.40125
07 May 2020,Spot - $ Per GB,0.409125,0.48925,0.40825,0.355,0.391,0.557,0.4995,0.991,0.04196875,0.073,0.012890625,0.0733125,0.1166875,0.058125,0.103125,0.185,0.245625,0.40125
11 May 2020,Spot - $ Per GB,0.405875,0.48825,0.40625,0.35325,0.3895,0.557,0.4995,0.999,0.04115625,0.073,0.01286328125,0.07340625,0.116875,0.05790625,0.103125,0.185,0.245625,0.40125
